player,is_rookie,yrs_exp,headshot
Precious Achiuwa,FALSE,1,https://ak-static.cms.nba.com/wp-content/uploads/headshots/nba/latest/260x190/1630173.png
Steven Adams,FALSE,8,https://ak-static.cms.nba.com/wp-content/uploads/headshots/nba/latest/260x190/203500.png
Bam Adebayo,FALSE,4,https://ak-static.cms.nba.com/wp-content/uploads/headshots/nba/latest/260x190/1628389.png
Santi Aldama,TRUE,0,https://ak-static.cms.nba.com/wp-content/uploads/headshots/nba/latest/260x190/1630583.png
LaMarcus Aldridge,FALSE,15,https://ak-static.cms.nba.com/wp-content/uploads/headshots/nba/latest/260x190/200746.png
Nickeil Alexander-Walker,FALSE,2,https://ak-static.cms.nba.com/wp-content/uploads/headshots/nba/latest/260x190/1629638.png
Grayson Allen,FALSE,3,https://ak-static.cms.nba.com/wp-content/uploads/headshots/nba/latest/260x190/1628960.png
Jarrett Allen,FALSE,4,https://ak-static.cms.nba.com/wp-content/uploads/headshots/nba/latest/260x190/1628386.png
Derrick Alston Jr.,TRUE,0,https://ak-static.cms.nba.com/wp-content/uploads/headshots/nba/latest/260x190/1630247.png
Jose Alvarado,TRUE,0,https://ak-static.cms.nba.com/wp-content/uploads/headshots/nba/latest/260x190/1630631.png
Al-Farouq Aminu,FALSE,11,https://ak-static.cms.nba.com/wp-content/uploads/headshots/nba/latest/260x190/202329.png
Kyle Anderson,FALSE,7,https://ak-static.cms.nba.com/wp-content/uploads/headshots/nba/latest/260x190/203937.png
Giannis Antetokounmpo,FALSE,8,https://ak-static.cms.nba.com/wp-content/uploads/headshots/nba/latest/260x190/203507.png
Thanasis Antetokounmpo,FALSE,6,https://ak-static.cms.nba.com/wp-content/uploads/headshots/nba/latest/260x190/203648.png
Carmelo Anthony,FALSE,18,https://ak-static.cms.nba.com/wp-content/uploads/headshots/nba/latest/260x190/2546.png
Cole Anthony,FALSE,1,https://ak-static.cms.nba.com/wp-content/uploads/headshots/nba/latest/260x190/1630175.png
OG Anunoby,FALSE,4,https://ak-static.cms.nba.com/wp-content/uploads/headshots/nba/latest/260x190/1628384.png
Trevor Ariza,FALSE,17,https://ak-static.cms.nba.com/wp-content/uploads/headshots/nba/latest/260x190/2772.png
D.J. Augustin,FALSE,13,https://ak-static.cms.nba.com/wp-content/uploads/headshots/nba/latest/260x190/201571.png
Deni Avdija,FALSE,1,https://ak-static.cms.nba.com/wp-content/uploads/headshots/nba/latest/260x190/1630166.png
Joel Ayayi,TRUE,0,https://ak-static.cms.nba.com/wp-content/uploads/headshots/nba/latest/260x190/1630555.png
Deandre Ayton,FALSE,3,https://ak-static.cms.nba.com/wp-content/uploads/headshots/nba/latest/260x190/1629028.png
Udoka Azubuike,FALSE,1,https://ak-static.cms.nba.com/wp-content/uploads/headshots/nba/latest/260x190/1628962.png
Dwayne Bacon,FALSE,4,https://ak-static.cms.nba.com/wp-content/uploads/headshots/nba/latest/260x190/1628407.png
Marvin Bagley III,FALSE,3,https://ak-static.cms.nba.com/wp-content/uploads/headshots/nba/latest/260x190/1628963.png
LaMelo Ball,FALSE,1,https://ak-static.cms.nba.com/wp-content/uploads/headshots/nba/latest/260x190/1630163.png
Lonzo Ball,FALSE,4,https://ak-static.cms.nba.com/wp-content/uploads/headshots/nba/latest/260x190/1628366.png
Mitch Ballock,TRUE,0,https://ak-static.cms.nba.com/wp-content/uploads/headshots/nba/latest/260x190/1630642.png
Mo Bamba,FALSE,3,https://ak-static.cms.nba.com/wp-content/uploads/headshots/nba/latest/260x190/1628964.png
Desmond Bane,FALSE,1,https://ak-static.cms.nba.com/wp-content/uploads/headshots/nba/latest/260x190/1630217.png
Dalano Banton,TRUE,0,https://ak-static.cms.nba.com/wp-content/uploads/headshots/nba/latest/260x190/1630625.png
Harrison Barnes,FALSE,9,https://ak-static.cms.nba.com/wp-content/uploads/headshots/nba/latest/260x190/203084.png
Scottie Barnes,TRUE,0,https://ak-static.cms.nba.com/wp-content/uploads/headshots/nba/latest/260x190/1630567.png
RJ Barrett,FALSE,2,https://ak-static.cms.nba.com/wp-content/uploads/headshots/nba/latest/260x190/1629628.png
Will Barton,FALSE,9,https://ak-static.cms.nba.com/wp-content/uploads/headshots/nba/latest/260x190/203115.png
Charles Bassey,TRUE,0,https://ak-static.cms.nba.com/wp-content/uploads/headshots/nba/latest/260x190/1629646.png
Keita Bates-Diop,FALSE,3,https://ak-static.cms.nba.com/wp-content/uploads/headshots/nba/latest/260x190/1628966.png
Nicolas Batum,FALSE,13,https://ak-static.cms.nba.com/wp-content/uploads/headshots/nba/latest/260x190/201587.png
Kent Bazemore,FALSE,9,https://ak-static.cms.nba.com/wp-content/uploads/headshots/nba/latest/260x190/203145.png
Darius Bazley,FALSE,2,https://ak-static.cms.nba.com/wp-content/uploads/headshots/nba/latest/260x190/1629647.png
Bradley Beal,FALSE,9,https://ak-static.cms.nba.com/wp-content/uploads/headshots/nba/latest/260x190/203078.png
Malik Beasley,FALSE,5,https://ak-static.cms.nba.com/wp-content/uploads/headshots/nba/latest/260x190/1627736.png
Juhann Begarin,TRUE,0,https://ak-static.cms.nba.com/wp-content/uploads/headshots/nba/latest/260x190/1630584.png
DeAndre' Bembry,FALSE,5,https://ak-static.cms.nba.com/wp-content/uploads/headshots/nba/latest/260x190/1627761.png
Davis Bertans,FALSE,5,https://ak-static.cms.nba.com/wp-content/uploads/headshots/nba/latest/260x190/202722.png
Patrick Beverley,FALSE,9,https://ak-static.cms.nba.com/wp-content/uploads/headshots/nba/latest/260x190/201976.png
Saddiq Bey,FALSE,1,https://ak-static.cms.nba.com/wp-content/uploads/headshots/nba/latest/260x190/1630180.png
Khem Birch,FALSE,4,https://ak-static.cms.nba.com/wp-content/uploads/headshots/nba/latest/260x190/203920.png
Goga Bitadze,FALSE,2,https://ak-static.cms.nba.com/wp-content/uploads/headshots/nba/latest/260x190/1629048.png
Nemanja Bjelica,FALSE,6,https://ak-static.cms.nba.com/wp-content/uploads/headshots/nba/latest/260x190/202357.png
Eric Bledsoe,FALSE,11,https://ak-static.cms.nba.com/wp-content/uploads/headshots/nba/latest/260x190/202339.png
Keljin Blevins,FALSE,1,https://ak-static.cms.nba.com/wp-content/uploads/headshots/nba/latest/260x190/1629833.png
Bogdan Bogdanovic,FALSE,4,https://ak-static.cms.nba.com/wp-content/uploads/headshots/nba/latest/260x190/203992.png
Bojan Bogdanovic,FALSE,7,https://ak-static.cms.nba.com/wp-content/uploads/headshots/nba/latest/260x190/202711.png
Bol Bol,FALSE,2,https://ak-static.cms.nba.com/wp-content/uploads/headshots/nba/latest/260x190/1629626.png
Leandro Bolmaro,TRUE,0,https://ak-static.cms.nba.com/wp-content/uploads/headshots/nba/latest/260x190/1630195.png
Isaac Bonga,FALSE,3,https://ak-static.cms.nba.com/wp-content/uploads/headshots/nba/latest/260x190/1629067.png
Devin Booker,FALSE,6,https://ak-static.cms.nba.com/wp-content/uploads/headshots/nba/latest/260x190/1626164.png
Brandon Boston Jr.,TRUE,0,https://ak-static.cms.nba.com/wp-content/uploads/headshots/nba/latest/260x190/1630527.png
Chris Boucher,FALSE,4,https://ak-static.cms.nba.com/wp-content/uploads/headshots/nba/latest/260x190/1628449.png
James Bouknight,TRUE,0,https://ak-static.cms.nba.com/wp-content/uploads/headshots/nba/latest/260x190/1630547.png
Brian Bowen II,FALSE,2,https://ak-static.cms.nba.com/wp-content/uploads/headshots/nba/latest/260x190/1628968.png
Avery Bradley,FALSE,11,https://ak-static.cms.nba.com/wp-content/uploads/headshots/nba/latest/260x190/202340.png
Tony Bradley,FALSE,4,https://ak-static.cms.nba.com/wp-content/uploads/headshots/nba/latest/260x190/1628396.png
Ignas Brazdeikis,FALSE,2,https://ak-static.cms.nba.com/wp-content/uploads/headshots/nba/latest/260x190/1629649.png
Mikal Bridges,FALSE,3,https://ak-static.cms.nba.com/wp-content/uploads/headshots/nba/latest/260x190/1628969.png
Miles Bridges,FALSE,3,https://ak-static.cms.nba.com/wp-content/uploads/headshots/nba/latest/260x190/1628970.png
Oshae Brissett,FALSE,2,https://ak-static.cms.nba.com/wp-content/uploads/headshots/nba/latest/260x190/1629052.png
Malcolm Brogdon,FALSE,5,https://ak-static.cms.nba.com/wp-content/uploads/headshots/nba/latest/260x190/1627763.png
Armoni Brooks,FALSE,1,https://ak-static.cms.nba.com/wp-content/uploads/headshots/nba/latest/260x190/1629717.png
Dillon Brooks,FALSE,4,https://ak-static.cms.nba.com/wp-content/uploads/headshots/nba/latest/260x190/1628415.png
Bruce Brown,FALSE,3,https://ak-static.cms.nba.com/wp-content/uploads/headshots/nba/latest/260x190/1628971.png
Chaundee Brown,TRUE,0,https://ak-static.cms.nba.com/wp-content/uploads/headshots/nba/latest/260x190/1630602.png
Jaylen Brown,FALSE,5,https://ak-static.cms.nba.com/wp-content/uploads/headshots/nba/latest/260x190/1627759.png
Moses Brown,FALSE,2,https://ak-static.cms.nba.com/wp-content/uploads/headshots/nba/latest/260x190/1629650.png
Sterling Brown,FALSE,4,https://ak-static.cms.nba.com/wp-content/uploads/headshots/nba/latest/260x190/1628425.png
Greg Brown III,TRUE,0,https://ak-static.cms.nba.com/wp-content/uploads/headshots/nba/latest/260x190/1630535.png
Charlie Brown Jr.,FALSE,2,https://ak-static.cms.nba.com/wp-content/uploads/headshots/nba/latest/260x190/1629718.png
Troy Brown Jr.,FALSE,3,https://ak-static.cms.nba.com/wp-content/uploads/headshots/nba/latest/260x190/1628972.png
Jalen Brunson,FALSE,3,https://ak-static.cms.nba.com/wp-content/uploads/headshots/nba/latest/260x190/1628973.png
Elijah Bryant,FALSE,1,https://ak-static.cms.nba.com/wp-content/uploads/headshots/nba/latest/260x190/1629091.png
Thomas Bryant,FALSE,4,https://ak-static.cms.nba.com/wp-content/uploads/headshots/nba/latest/260x190/1628418.png
Reggie Bullock,FALSE,8,https://ak-static.cms.nba.com/wp-content/uploads/headshots/nba/latest/260x190/203493.png
Trey Burke,FALSE,8,https://ak-static.cms.nba.com/wp-content/uploads/headshots/nba/latest/260x190/203504.png
Alec Burks,FALSE,10,https://ak-static.cms.nba.com/wp-content/uploads/headshots/nba/latest/260x190/202692.png
Jared Butler,TRUE,0,https://ak-static.cms.nba.com/wp-content/uploads/headshots/nba/latest/260x190/1630215.png
Jimmy Butler,FALSE,10,https://ak-static.cms.nba.com/wp-content/uploads/headshots/nba/latest/260x190/202710.png
Devontae Cacok,FALSE,2,https://ak-static.cms.nba.com/wp-content/uploads/headshots/nba/latest/260x190/1629719.png
Kentavious Caldwell-Pope,FALSE,8,https://ak-static.cms.nba.com/wp-content/uploads/headshots/nba/latest/260x190/203484.png
Facundo Campazzo,FALSE,1,https://ak-static.cms.nba.com/wp-content/uploads/headshots/nba/latest/260x190/1630267.png
Vlatko Cancar,FALSE,2,https://ak-static.cms.nba.com/wp-content/uploads/headshots/nba/latest/260x190/1628427.png
Clint Capela,FALSE,7,https://ak-static.cms.nba.com/wp-content/uploads/headshots/nba/latest/260x190/203991.png
Vernon Carey Jr.,FALSE,1,https://ak-static.cms.nba.com/wp-content/uploads/headshots/nba/latest/260x190/1630176.png
Jevon Carter,FALSE,3,https://ak-static.cms.nba.com/wp-content/uploads/headshots/nba/latest/260x190/1628975.png
Wendell Carter Jr.,FALSE,3,https://ak-static.cms.nba.com/wp-content/uploads/headshots/nba/latest/260x190/1628976.png
Michael Carter-Williams,FALSE,8,https://ak-static.cms.nba.com/wp-content/uploads/headshots/nba/latest/260x190/203487.png
D.J. Carton,TRUE,0,https://ak-static.cms.nba.com/wp-content/uploads/headshots/nba/latest/260x190/1630618.png
Alex Caruso,FALSE,4,https://ak-static.cms.nba.com/wp-content/uploads/headshots/nba/latest/260x190/1627936.png
Willie Cauley-Stein,FALSE,6,https://ak-static.cms.nba.com/wp-content/uploads/headshots/nba/latest/260x190/1626161.png
Justin Champagnie,TRUE,0,https://ak-static.cms.nba.com/wp-content/uploads/headshots/nba/latest/260x190/1630551.png
Chris Chiozza,FALSE,3,https://ak-static.cms.nba.com/wp-content/uploads/headshots/nba/latest/260x190/1629185.png
Marquese Chriss,FALSE,5,https://ak-static.cms.nba.com/wp-content/uploads/headshots/nba/latest/260x190/1627737.png
Josh Christopher,TRUE,0,https://ak-static.cms.nba.com/wp-content/uploads/headshots/nba/latest/260x190/1630528.png
Gary Clark,FALSE,3,https://ak-static.cms.nba.com/wp-content/uploads/headshots/nba/latest/260x190/1629109.png
Brandon Clarke,FALSE,2,https://ak-static.cms.nba.com/wp-content/uploads/headshots/nba/latest/260x190/1629634.png
Jordan Clarkson,FALSE,7,https://ak-static.cms.nba.com/wp-content/uploads/headshots/nba/latest/260x190/203903.png
Nicolas Claxton,FALSE,2,https://ak-static.cms.nba.com/wp-content/uploads/headshots/nba/latest/260x190/1629651.png
Amir Coffey,FALSE,2,https://ak-static.cms.nba.com/wp-content/uploads/headshots/nba/latest/260x190/1629599.png
John Collins,FALSE,4,https://ak-static.cms.nba.com/wp-content/uploads/headshots/nba/latest/260x190/1628381.png
Zach Collins,FALSE,4,https://ak-static.cms.nba.com/wp-content/uploads/headshots/nba/latest/260x190/1628380.png
Mike Conley,FALSE,14,https://ak-static.cms.nba.com/wp-content/uploads/headshots/nba/latest/260x190/201144.png
Pat Connaughton,FALSE,6,https://ak-static.cms.nba.com/wp-content/uploads/headshots/nba/latest/260x190/1626192.png
Quinn Cook,FALSE,5,https://ak-static.cms.nba.com/wp-content/uploads/headshots/nba/latest/260x190/1626188.png
Tyler Cook,FALSE,2,https://ak-static.cms.nba.com/wp-content/uploads/headshots/nba/latest/260x190/1629076.png
Sharife Cooper,TRUE,0,https://ak-static.cms.nba.com/wp-content/uploads/headshots/nba/latest/260x190/1630536.png
Petr Cornelie,TRUE,0,https://ak-static.cms.nba.com/wp-content/uploads/headshots/nba/latest/260x190/1627822.png
DeMarcus Cousins,FALSE,11,https://ak-static.cms.nba.com/wp-content/uploads/headshots/nba/latest/260x190/202326.png
Robert Covington,FALSE,8,https://ak-static.cms.nba.com/wp-content/uploads/headshots/nba/latest/260x190/203496.png
Torrey Craig,FALSE,4,https://ak-static.cms.nba.com/wp-content/uploads/headshots/nba/latest/260x190/1628470.png
Jae Crowder,FALSE,9,https://ak-static.cms.nba.com/wp-content/uploads/headshots/nba/latest/260x190/203109.png
Jarrett Culver,FALSE,2,https://ak-static.cms.nba.com/wp-content/uploads/headshots/nba/latest/260x190/1629633.png
Cade Cunningham,TRUE,0,https://ak-static.cms.nba.com/wp-content/uploads/headshots/nba/latest/260x190/1630595.png
Seth Curry,FALSE,8,https://ak-static.cms.nba.com/wp-content/uploads/headshots/nba/latest/260x190/203552.png
Stephen Curry,FALSE,12,https://ak-static.cms.nba.com/wp-content/uploads/headshots/nba/latest/260x190/201939.png
Anthony Davis,FALSE,9,https://ak-static.cms.nba.com/wp-content/uploads/headshots/nba/latest/260x190/203076.png
Ed Davis,FALSE,11,https://ak-static.cms.nba.com/wp-content/uploads/headshots/nba/latest/260x190/202334.png
Terence Davis,FALSE,2,https://ak-static.cms.nba.com/wp-content/uploads/headshots/nba/latest/260x190/1629056.png
DeMar DeRozan,FALSE,12,https://ak-static.cms.nba.com/wp-content/uploads/headshots/nba/latest/260x190/201942.png
Gabriel Deck,FALSE,1,https://ak-static.cms.nba.com/wp-content/uploads/headshots/nba/latest/260x190/1630466.png
Dewayne Dedmon,FALSE,8,https://ak-static.cms.nba.com/wp-content/uploads/headshots/nba/latest/260x190/203473.png
Sam Dekker,FALSE,6,https://ak-static.cms.nba.com/wp-content/uploads/headshots/nba/latest/260x190/1626155.png
Donte DiVincenzo,FALSE,3,https://ak-static.cms.nba.com/wp-content/uploads/headshots/nba/latest/260x190/1628978.png
Mamadi Diakite,FALSE,1,https://ak-static.cms.nba.com/wp-content/uploads/headshots/nba/latest/260x190/1629603.png
Hamidou Diallo,FALSE,3,https://ak-static.cms.nba.com/wp-content/uploads/headshots/nba/latest/260x190/1628977.png
Gorgui Dieng,FALSE,8,https://ak-static.cms.nba.com/wp-content/uploads/headshots/nba/latest/260x190/203476.png
Spencer Dinwiddie,FALSE,7,https://ak-static.cms.nba.com/wp-content/uploads/headshots/nba/latest/260x190/203915.png
Luka Doncic,FALSE,3,https://ak-static.cms.nba.com/wp-content/uploads/headshots/nba/latest/260x190/1629029.png
Luguentz Dort,FALSE,2,https://ak-static.cms.nba.com/wp-content/uploads/headshots/nba/latest/260x190/1629652.png
Ayo Dosunmu,TRUE,0,https://ak-static.cms.nba.com/wp-content/uploads/headshots/nba/latest/260x190/1630245.png
Devon Dotson,FALSE,1,https://ak-static.cms.nba.com/wp-content/uploads/headshots/nba/latest/260x190/1629653.png
Sekou Doumbouya,FALSE,2,https://ak-static.cms.nba.com/wp-content/uploads/headshots/nba/latest/260x190/1629635.png
Jeff Dowtin,TRUE,0,https://ak-static.cms.nba.com/wp-content/uploads/headshots/nba/latest/260x190/1630288.png
PJ Dozier,FALSE,4,https://ak-static.cms.nba.com/wp-content/uploads/headshots/nba/latest/260x190/1628408.png
Goran Dragic,FALSE,13,https://ak-static.cms.nba.com/wp-content/uploads/headshots/nba/latest/260x190/201609.png
Andre Drummond,FALSE,9,https://ak-static.cms.nba.com/wp-content/uploads/headshots/nba/latest/260x190/203083.png
Chris Duarte,TRUE,0,https://ak-static.cms.nba.com/wp-content/uploads/headshots/nba/latest/260x190/1630537.png
David Duke Jr.,TRUE,0,https://ak-static.cms.nba.com/wp-content/uploads/headshots/nba/latest/260x190/1630561.png
Kris Dunn,FALSE,5,https://ak-static.cms.nba.com/wp-content/uploads/headshots/nba/latest/260x190/1627739.png
Kevin Durant,FALSE,14,https://ak-static.cms.nba.com/wp-content/uploads/headshots/nba/latest/260x190/201142.png
Jaime Echenique,TRUE,0,https://ak-static.cms.nba.com/wp-content/uploads/headshots/nba/latest/260x190/1630693.png
Anthony Edwards,FALSE,1,https://ak-static.cms.nba.com/wp-content/uploads/headshots/nba/latest/260x190/1630162.png
Carsen Edwards,FALSE,2,https://ak-static.cms.nba.com/wp-content/uploads/headshots/nba/latest/260x190/1629035.png
Kessler Edwards,TRUE,0,https://ak-static.cms.nba.com/wp-content/uploads/headshots/nba/latest/260x190/1630556.png
CJ Elleby,FALSE,1,https://ak-static.cms.nba.com/wp-content/uploads/headshots/nba/latest/260x190/1629604.png
Wayne Ellington,FALSE,12,https://ak-static.cms.nba.com/wp-content/uploads/headshots/nba/latest/260x190/201961.png
Joel Embiid,FALSE,7,https://ak-static.cms.nba.com/wp-content/uploads/headshots/nba/latest/260x190/203954.png
James Ennis III,FALSE,7,https://ak-static.cms.nba.com/wp-content/uploads/headshots/nba/latest/260x190/203516.png
Drew Eubanks,FALSE,3,https://ak-static.cms.nba.com/wp-content/uploads/headshots/nba/latest/260x190/1629234.png
Dante Exum,FALSE,7,https://ak-static.cms.nba.com/wp-content/uploads/headshots/nba/latest/260x190/203957.png
Tacko Fall,FALSE,2,https://ak-static.cms.nba.com/wp-content/uploads/headshots/nba/latest/260x190/1629605.png
Derrick Favors,FALSE,11,https://ak-static.cms.nba.com/wp-content/uploads/headshots/nba/latest/260x190/202324.png
Bruno Fernando,FALSE,2,https://ak-static.cms.nba.com/wp-content/uploads/headshots/nba/latest/260x190/1628981.png
Dorian Finney-Smith,FALSE,5,https://ak-static.cms.nba.com/wp-content/uploads/headshots/nba/latest/260x190/1627827.png
Malachi Flynn,FALSE,1,https://ak-static.cms.nba.com/wp-content/uploads/headshots/nba/latest/260x190/1630201.png
Bryn Forbes,FALSE,5,https://ak-static.cms.nba.com/wp-content/uploads/headshots/nba/latest/260x190/1627854.png
Jordan Ford,TRUE,0,https://ak-static.cms.nba.com/wp-content/uploads/headshots/nba/latest/260x190/1630259.png
Trent Forrest,FALSE,1,https://ak-static.cms.nba.com/wp-content/uploads/headshots/nba/latest/260x190/1630235.png
Evan Fournier,FALSE,9,https://ak-static.cms.nba.com/wp-content/uploads/headshots/nba/latest/260x190/203095.png
De'Aaron Fox,FALSE,4,https://ak-static.cms.nba.com/wp-content/uploads/headshots/nba/latest/260x190/1628368.png
Markelle Fultz,FALSE,4,https://ak-static.cms.nba.com/wp-content/uploads/headshots/nba/latest/260x190/1628365.png
Wenyen Gabriel,FALSE,3,https://ak-static.cms.nba.com/wp-content/uploads/headshots/nba/latest/260x190/1629117.png
Daniel Gafford,FALSE,2,https://ak-static.cms.nba.com/wp-content/uploads/headshots/nba/latest/260x190/1629655.png
Danilo Gallinari,FALSE,13,https://ak-static.cms.nba.com/wp-content/uploads/headshots/nba/latest/260x190/201568.png
Langston Galloway,FALSE,7,https://ak-static.cms.nba.com/wp-content/uploads/headshots/nba/latest/260x190/204038.png
Darius Garland,FALSE,2,https://ak-static.cms.nba.com/wp-content/uploads/headshots/nba/latest/260x190/1629636.png
Marcus Garrett,TRUE,0,https://ak-static.cms.nba.com/wp-content/uploads/headshots/nba/latest/260x190/1630585.png
Usman Garuba,TRUE,0,https://ak-static.cms.nba.com/wp-content/uploads/headshots/nba/latest/260x190/1630586.png
Luka Garza,TRUE,0,https://ak-static.cms.nba.com/wp-content/uploads/headshots/nba/latest/260x190/1630568.png
Rudy Gay,FALSE,15,https://ak-static.cms.nba.com/wp-content/uploads/headshots/nba/latest/260x190/200752.png
Paul George,FALSE,11,https://ak-static.cms.nba.com/wp-content/uploads/headshots/nba/latest/260x190/202331.png
Taj Gibson,FALSE,12,https://ak-static.cms.nba.com/wp-content/uploads/headshots/nba/latest/260x190/201959.png
Josh Giddey,TRUE,0,https://ak-static.cms.nba.com/wp-content/uploads/headshots/nba/latest/260x190/1630581.png
Harry Giles III,FALSE,4,https://ak-static.cms.nba.com/wp-content/uploads/headshots/nba/latest/260x190/1628385.png
Shai Gilgeous-Alexander,FALSE,3,https://ak-static.cms.nba.com/wp-content/uploads/headshots/nba/latest/260x190/1628983.png
Anthony Gill,FALSE,1,https://ak-static.cms.nba.com/wp-content/uploads/headshots/nba/latest/260x190/1630264.png
Freddie Gillespie,FALSE,1,https://ak-static.cms.nba.com/wp-content/uploads/headshots/nba/latest/260x190/1630273.png
Rudy Gobert,FALSE,8,https://ak-static.cms.nba.com/wp-content/uploads/headshots/nba/latest/260x190/203497.png
Brandon Goodwin,FALSE,3,https://ak-static.cms.nba.com/wp-content/uploads/headshots/nba/latest/260x190/1629164.png
Jordan Goodwin,TRUE,0,https://ak-static.cms.nba.com/wp-content/uploads/headshots/nba/latest/260x190/1630692.png
Aaron Gordon,FALSE,7,https://ak-static.cms.nba.com/wp-content/uploads/headshots/nba/latest/260x190/203932.png
Eric Gordon,FALSE,13,https://ak-static.cms.nba.com/wp-content/uploads/headshots/nba/latest/260x190/201569.png
Devonte' Graham,FALSE,3,https://ak-static.cms.nba.com/wp-content/uploads/headshots/nba/latest/260x190/1628984.png
Jerami Grant,FALSE,7,https://ak-static.cms.nba.com/wp-content/uploads/headshots/nba/latest/260x190/203924.png
Hassani Gravett,TRUE,0,https://ak-static.cms.nba.com/wp-content/uploads/headshots/nba/latest/260x190/1629755.png
Danny Green,FALSE,12,https://ak-static.cms.nba.com/wp-content/uploads/headshots/nba/latest/260x190/201980.png
Draymond Green,FALSE,9,https://ak-static.cms.nba.com/wp-content/uploads/headshots/nba/latest/260x190/203110.png
JaMychal Green,FALSE,7,https://ak-static.cms.nba.com/wp-content/uploads/headshots/nba/latest/260x190/203210.png
Jalen Green,TRUE,0,https://ak-static.cms.nba.com/wp-content/uploads/headshots/nba/latest/260x190/1630224.png
Javonte Green,FALSE,2,https://ak-static.cms.nba.com/wp-content/uploads/headshots/nba/latest/260x190/1629750.png
Jeff Green,FALSE,14,https://ak-static.cms.nba.com/wp-content/uploads/headshots/nba/latest/260x190/201145.png
Josh Green,FALSE,1,https://ak-static.cms.nba.com/wp-content/uploads/headshots/nba/latest/260x190/1630182.png
Blake Griffin,FALSE,12,https://ak-static.cms.nba.com/wp-content/uploads/headshots/nba/latest/260x190/201933.png
Quentin Grimes,TRUE,0,https://ak-static.cms.nba.com/wp-content/uploads/headshots/nba/latest/260x190/1629656.png
Kyle Guy,FALSE,2,https://ak-static.cms.nba.com/wp-content/uploads/headshots/nba/latest/260x190/1629657.png
Rui Hachimura,FALSE,2,https://ak-static.cms.nba.com/wp-content/uploads/headshots/nba/latest/260x190/1629060.png
Tyrese Haliburton,FALSE,1,https://ak-static.cms.nba.com/wp-content/uploads/headshots/nba/latest/260x190/1630169.png
Johnny Hamilton,TRUE,0,https://ak-static.cms.nba.com/wp-content/uploads/headshots/nba/latest/260x190/1629148.png
R.J. Hampton,FALSE,1,https://ak-static.cms.nba.com/wp-content/uploads/headshots/nba/latest/260x190/1630181.png
Tim Hardaway Jr.,FALSE,8,https://ak-static.cms.nba.com/wp-content/uploads/headshots/nba/latest/260x190/203501.png
James Harden,FALSE,12,https://ak-static.cms.nba.com/wp-content/uploads/headshots/nba/latest/260x190/201935.png
Maurice Harkless,FALSE,9,https://ak-static.cms.nba.com/wp-content/uploads/headshots/nba/latest/260x190/203090.png
Montrezl Harrell,FALSE,6,https://ak-static.cms.nba.com/wp-content/uploads/headshots/nba/latest/260x190/1626149.png
Gary Harris,FALSE,7,https://ak-static.cms.nba.com/wp-content/uploads/headshots/nba/latest/260x190/203914.png
Joe Harris,FALSE,7,https://ak-static.cms.nba.com/wp-content/uploads/headshots/nba/latest/260x190/203925.png
Tobias Harris,FALSE,10,https://ak-static.cms.nba.com/wp-content/uploads/headshots/nba/latest/260x190/202699.png
Shaquille Harrison,FALSE,4,https://ak-static.cms.nba.com/wp-content/uploads/headshots/nba/latest/260x190/1627885.png
Josh Hart,FALSE,4,https://ak-static.cms.nba.com/wp-content/uploads/headshots/nba/latest/260x190/1628404.png
Isaiah Hartenstein,FALSE,3,https://ak-static.cms.nba.com/wp-content/uploads/headshots/nba/latest/260x190/1628392.png
Udonis Haslem,FALSE,18,https://ak-static.cms.nba.com/wp-content/uploads/headshots/nba/latest/260x190/2617.png
Sam Hauser,TRUE,0,https://ak-static.cms.nba.com/wp-content/uploads/headshots/nba/latest/260x190/1630573.png
Jaxson Hayes,FALSE,2,https://ak-static.cms.nba.com/wp-content/uploads/headshots/nba/latest/260x190/1629637.png
Killian Hayes,FALSE,1,https://ak-static.cms.nba.com/wp-content/uploads/headshots/nba/latest/260x190/1630165.png
Gordon Hayward,FALSE,11,https://ak-static.cms.nba.com/wp-content/uploads/headshots/nba/latest/260x190/202330.png
Aaron Henry,TRUE,0,https://ak-static.cms.nba.com/wp-content/uploads/headshots/nba/latest/260x190/1630565.png
Juancho Hernangomez,FALSE,5,https://ak-static.cms.nba.com/wp-content/uploads/headshots/nba/latest/260x190/1627823.png
Willy Hernangomez,FALSE,5,https://ak-static.cms.nba.com/wp-content/uploads/headshots/nba/latest/260x190/1626195.png
Tyler Herro,FALSE,2,https://ak-static.cms.nba.com/wp-content/uploads/headshots/nba/latest/260x190/1629639.png
Buddy Hield,FALSE,5,https://ak-static.cms.nba.com/wp-content/uploads/headshots/nba/latest/260x190/1627741.png
George Hill,FALSE,13,https://ak-static.cms.nba.com/wp-content/uploads/headshots/nba/latest/260x190/201588.png
Solomon Hill,FALSE,8,https://ak-static.cms.nba.com/wp-content/uploads/headshots/nba/latest/260x190/203524.png
Nate Hinton,FALSE,1,https://ak-static.cms.nba.com/wp-content/uploads/headshots/nba/latest/260x190/1630207.png
Jaylen Hoard,FALSE,2,https://ak-static.cms.nba.com/wp-content/uploads/headshots/nba/latest/260x190/1629658.png
Aaron Holiday,FALSE,3,https://ak-static.cms.nba.com/wp-content/uploads/headshots/nba/latest/260x190/1628988.png
Jrue Holiday,FALSE,12,https://ak-static.cms.nba.com/wp-content/uploads/headshots/nba/latest/260x190/201950.png
Justin Holiday,FALSE,9,https://ak-static.cms.nba.com/wp-content/uploads/headshots/nba/latest/260x190/203200.png
Rondae Hollis-Jefferson,FALSE,6,https://ak-static.cms.nba.com/wp-content/uploads/headshots/nba/latest/260x190/1626178.png
Richaun Holmes,FALSE,6,https://ak-static.cms.nba.com/wp-content/uploads/headshots/nba/latest/260x190/1626158.png
Daulton Hommes,TRUE,0,https://ak-static.cms.nba.com/wp-content/uploads/headshots/nba/latest/260x190/1629756.png
Rodney Hood,FALSE,7,https://ak-static.cms.nba.com/wp-content/uploads/headshots/nba/latest/260x190/203918.png
Al Horford,FALSE,14,https://ak-static.cms.nba.com/wp-content/uploads/headshots/nba/latest/260x190/201143.png
Talen Horton-Tucker,FALSE,2,https://ak-static.cms.nba.com/wp-content/uploads/headshots/nba/latest/260x190/1629659.png
Danuel House Jr.,FALSE,5,https://ak-static.cms.nba.com/wp-content/uploads/headshots/nba/latest/260x190/1627863.png
Dwight Howard,FALSE,17,https://ak-static.cms.nba.com/wp-content/uploads/headshots/nba/latest/260x190/2730.png
Markus Howard,FALSE,1,https://ak-static.cms.nba.com/wp-content/uploads/headshots/nba/latest/260x190/1630210.png
Kevin Huerter,FALSE,3,https://ak-static.cms.nba.com/wp-content/uploads/headshots/nba/latest/260x190/1628989.png
Jay Huff,TRUE,0,https://ak-static.cms.nba.com/wp-content/uploads/headshots/nba/latest/260x190/1630643.png
Elijah Hughes,FALSE,1,https://ak-static.cms.nba.com/wp-content/uploads/headshots/nba/latest/260x190/1630190.png
Feron Hunt,TRUE,0,https://ak-static.cms.nba.com/wp-content/uploads/headshots/nba/latest/260x190/1630624.png
De'Andre Hunter,FALSE,2,https://ak-static.cms.nba.com/wp-content/uploads/headshots/nba/latest/260x190/1629631.png
Matt Hurt,TRUE,0,https://ak-static.cms.nba.com/wp-content/uploads/headshots/nba/latest/260x190/1630562.png
Chandler Hutchison,FALSE,3,https://ak-static.cms.nba.com/wp-content/uploads/headshots/nba/latest/260x190/1628990.png
Nah'Shon Hyland,TRUE,0,https://ak-static.cms.nba.com/wp-content/uploads/headshots/nba/latest/260x190/1630538.png
Serge Ibaka,FALSE,12,https://ak-static.cms.nba.com/wp-content/uploads/headshots/nba/latest/260x190/201586.png
Andre Iguodala,FALSE,17,https://ak-static.cms.nba.com/wp-content/uploads/headshots/nba/latest/260x190/2738.png
Ersan Ilyasova,FALSE,15,https://ak-static.cms.nba.com/wp-content/uploads/headshots/nba/latest/260x190/101141.png
Joe Ingles,FALSE,7,https://ak-static.cms.nba.com/wp-content/uploads/headshots/nba/latest/260x190/204060.png
Brandon Ingram,FALSE,5,https://ak-static.cms.nba.com/wp-content/uploads/headshots/nba/latest/260x190/1627742.png
Kyrie Irving,FALSE,10,https://ak-static.cms.nba.com/wp-content/uploads/headshots/nba/latest/260x190/202681.png
Jonathan Isaac,FALSE,4,https://ak-static.cms.nba.com/wp-content/uploads/headshots/nba/latest/260x190/1628371.png
Wes Iwundu,FALSE,4,https://ak-static.cms.nba.com/wp-content/uploads/headshots/nba/latest/260x190/1628411.png
Frank Jackson,FALSE,4,https://ak-static.cms.nba.com/wp-content/uploads/headshots/nba/latest/260x190/1628402.png
Isaiah Jackson,TRUE,0,https://ak-static.cms.nba.com/wp-content/uploads/headshots/nba/latest/260x190/1630543.png
Josh Jackson,FALSE,4,https://ak-static.cms.nba.com/wp-content/uploads/headshots/nba/latest/260x190/1628367.png
Justin Jackson,FALSE,4,https://ak-static.cms.nba.com/wp-content/uploads/headshots/nba/latest/260x190/1628382.png
Reggie Jackson,FALSE,10,https://ak-static.cms.nba.com/wp-content/uploads/headshots/nba/latest/260x190/202704.png
Jaren Jackson Jr.,FALSE,3,https://ak-static.cms.nba.com/wp-content/uploads/headshots/nba/latest/260x190/1628991.png
Justin James,FALSE,2,https://ak-static.cms.nba.com/wp-content/uploads/headshots/nba/latest/260x190/1629713.png
LeBron James,FALSE,18,https://ak-static.cms.nba.com/wp-content/uploads/headshots/nba/latest/260x190/2544.png
DeJon Jarreau,TRUE,0,https://ak-static.cms.nba.com/wp-content/uploads/headshots/nba/latest/260x190/1630610.png
Ty Jerome,FALSE,2,https://ak-static.cms.nba.com/wp-content/uploads/headshots/nba/latest/260x190/1629660.png
Isaiah Joe,FALSE,1,https://ak-static.cms.nba.com/wp-content/uploads/headshots/nba/latest/260x190/1630198.png
Alize Johnson,FALSE,3,https://ak-static.cms.nba.com/wp-content/uploads/headshots/nba/latest/260x190/1628993.png
Cameron Johnson,FALSE,2,https://ak-static.cms.nba.com/wp-content/uploads/headshots/nba/latest/260x190/1629661.png
David Johnson,TRUE,0,https://ak-static.cms.nba.com/wp-content/uploads/headshots/nba/latest/260x190/1630525.png
Jalen Johnson,TRUE,0,https://ak-static.cms.nba.com/wp-content/uploads/headshots/nba/latest/260x190/1630552.png
James Johnson,FALSE,12,https://ak-static.cms.nba.com/wp-content/uploads/headshots/nba/latest/260x190/201949.png
Keldon Johnson,FALSE,2,https://ak-static.cms.nba.com/wp-content/uploads/headshots/nba/latest/260x190/1629640.png
Keon Johnson,TRUE,0,https://ak-static.cms.nba.com/wp-content/uploads/headshots/nba/latest/260x190/1630553.png
Stanley Johnson,FALSE,6,https://ak-static.cms.nba.com/wp-content/uploads/headshots/nba/latest/260x190/1626169.png
Nikola Jokic,FALSE,6,https://ak-static.cms.nba.com/wp-content/uploads/headshots/nba/latest/260x190/203999.png
Rokas Jokubaitis,TRUE,0,https://ak-static.cms.nba.com/wp-content/uploads/headshots/nba/latest/260x190/1630599.png
Carlik Jones,TRUE,0,https://ak-static.cms.nba.com/wp-content/uploads/headshots/nba/latest/260x190/1630637.png
Damian Jones,FALSE,5,https://ak-static.cms.nba.com/wp-content/uploads/headshots/nba/latest/260x190/1627745.png
Herbert Jones,TRUE,0,https://ak-static.cms.nba.com/wp-content/uploads/headshots/nba/latest/260x190/1630529.png
Kai Jones,TRUE,0,https://ak-static.cms.nba.com/wp-content/uploads/headshots/nba/latest/260x190/1630539.png
Tre Jones,FALSE,1,https://ak-static.cms.nba.com/wp-content/uploads/headshots/nba/latest/260x190/1630200.png
Tyus Jones,FALSE,6,https://ak-static.cms.nba.com/wp-content/uploads/headshots/nba/latest/260x190/1626145.png
Derrick Jones Jr.,FALSE,5,https://ak-static.cms.nba.com/wp-content/uploads/headshots/nba/latest/260x190/1627884.png
DeAndre Jordan,FALSE,13,https://ak-static.cms.nba.com/wp-content/uploads/headshots/nba/latest/260x190/201599.png
Cory Joseph,FALSE,10,https://ak-static.cms.nba.com/wp-content/uploads/headshots/nba/latest/260x190/202709.png
Mfiondu Kabengele,FALSE,2,https://ak-static.cms.nba.com/wp-content/uploads/headshots/nba/latest/260x190/1629662.png
Georgios Kalaitzakis,TRUE,0,https://ak-static.cms.nba.com/wp-content/uploads/headshots/nba/latest/260x190/1630686.png
Frank Kaminsky,FALSE,6,https://ak-static.cms.nba.com/wp-content/uploads/headshots/nba/latest/260x190/1626163.png
Enes Kanter,FALSE,10,https://ak-static.cms.nba.com/wp-content/uploads/headshots/nba/latest/260x190/202683.png
Luke Kennard,FALSE,4,https://ak-static.cms.nba.com/wp-content/uploads/headshots/nba/latest/260x190/1628379.png
George King,FALSE,3,https://ak-static.cms.nba.com/wp-content/uploads/headshots/nba/latest/260x190/1628994.png
Louis King,FALSE,2,https://ak-static.cms.nba.com/wp-content/uploads/headshots/nba/latest/260x190/1629663.png
Corey Kispert,TRUE,0,https://ak-static.cms.nba.com/wp-content/uploads/headshots/nba/latest/260x190/1630557.png
Maxi Kleber,FALSE,4,https://ak-static.cms.nba.com/wp-content/uploads/headshots/nba/latest/260x190/1628467.png
Nathan Knight,FALSE,1,https://ak-static.cms.nba.com/wp-content/uploads/headshots/nba/latest/260x190/1630233.png
Kevin Knox II,FALSE,3,https://ak-static.cms.nba.com/wp-content/uploads/headshots/nba/latest/260x190/1628995.png
John Konchar,FALSE,2,https://ak-static.cms.nba.com/wp-content/uploads/headshots/nba/latest/260x190/1629723.png
Balsa Koprivica,TRUE,0,https://ak-static.cms.nba.com/wp-content/uploads/headshots/nba/latest/260x190/1630638.png
Furkan Korkmaz,FALSE,4,https://ak-static.cms.nba.com/wp-content/uploads/headshots/nba/latest/260x190/1627788.png
Luke Kornet,FALSE,4,https://ak-static.cms.nba.com/wp-content/uploads/headshots/nba/latest/260x190/1628436.png
Vit Krejci,TRUE,0,https://ak-static.cms.nba.com/wp-content/uploads/headshots/nba/latest/260x190/1630249.png
Arnoldas Kulboka,TRUE,0,https://ak-static.cms.nba.com/wp-content/uploads/headshots/nba/latest/260x190/1629083.png
Jonathan Kuminga,TRUE,0,https://ak-static.cms.nba.com/wp-content/uploads/headshots/nba/latest/260x190/1630228.png
Kyle Kuzma,FALSE,4,https://ak-static.cms.nba.com/wp-content/uploads/headshots/nba/latest/260x190/1628398.png
Zach LaVine,FALSE,7,https://ak-static.cms.nba.com/wp-content/uploads/headshots/nba/latest/260x190/203897.png
Anthony Lamb,FALSE,1,https://ak-static.cms.nba.com/wp-content/uploads/headshots/nba/latest/260x190/1630237.png
Jeremy Lamb,FALSE,9,https://ak-static.cms.nba.com/wp-content/uploads/headshots/nba/latest/260x190/203087.png
Jock Landale,TRUE,0,https://ak-static.cms.nba.com/wp-content/uploads/headshots/nba/latest/260x190/1629111.png
Romeo Langford,FALSE,2,https://ak-static.cms.nba.com/wp-content/uploads/headshots/nba/latest/260x190/1629641.png
AJ Lawson,TRUE,0,https://ak-static.cms.nba.com/wp-content/uploads/headshots/nba/latest/260x190/1630639.png
Jake Layman,FALSE,5,https://ak-static.cms.nba.com/wp-content/uploads/headshots/nba/latest/260x190/1627774.png
Caris LeVert,FALSE,5,https://ak-static.cms.nba.com/wp-content/uploads/headshots/nba/latest/260x190/1627747.png
T.J. Leaf,FALSE,4,https://ak-static.cms.nba.com/wp-content/uploads/headshots/nba/latest/260x190/1628388.png
Damion Lee,FALSE,4,https://ak-static.cms.nba.com/wp-content/uploads/headshots/nba/latest/260x190/1627814.png
Saben Lee,FALSE,1,https://ak-static.cms.nba.com/wp-content/uploads/headshots/nba/latest/260x190/1630240.png
Alex Len,FALSE,8,https://ak-static.cms.nba.com/wp-content/uploads/headshots/nba/latest/260x190/203458.png
Kawhi Leonard,FALSE,10,https://ak-static.cms.nba.com/wp-content/uploads/headshots/nba/latest/260x190/202695.png
Matt Lewis,TRUE,0,https://ak-static.cms.nba.com/wp-content/uploads/headshots/nba/latest/260x190/1630665.png
Scottie Lewis,TRUE,0,https://ak-static.cms.nba.com/wp-content/uploads/headshots/nba/latest/260x190/1630575.png
Kira Lewis Jr.,FALSE,1,https://ak-static.cms.nba.com/wp-content/uploads/headshots/nba/latest/260x190/1630184.png
Damian Lillard,FALSE,9,https://ak-static.cms.nba.com/wp-content/uploads/headshots/nba/latest/260x190/203081.png
Nassir Little,FALSE,2,https://ak-static.cms.nba.com/wp-content/uploads/headshots/nba/latest/260x190/1629642.png
Isaiah Livers,TRUE,0,https://ak-static.cms.nba.com/wp-content/uploads/headshots/nba/latest/260x190/1630587.png
Kevon Looney,FALSE,6,https://ak-static.cms.nba.com/wp-content/uploads/headshots/nba/latest/260x190/1626172.png
Brook Lopez,FALSE,13,https://ak-static.cms.nba.com/wp-content/uploads/headshots/nba/latest/260x190/201572.png
Robin Lopez,FALSE,13,https://ak-static.cms.nba.com/wp-content/uploads/headshots/nba/latest/260x190/201577.png
Didi Louzada,FALSE,1,https://ak-static.cms.nba.com/wp-content/uploads/headshots/nba/latest/260x190/1629712.png
Kevin Love,FALSE,13,https://ak-static.cms.nba.com/wp-content/uploads/headshots/nba/latest/260x190/201567.png
Kyle Lowry,FALSE,15,https://ak-static.cms.nba.com/wp-content/uploads/headshots/nba/latest/260x190/200768.png
Timothe Luwawu-Cabarrot,FALSE,5,https://ak-static.cms.nba.com/wp-content/uploads/headshots/nba/latest/260x190/1627789.png
Trey Lyles,FALSE,6,https://ak-static.cms.nba.com/wp-content/uploads/headshots/nba/latest/260x190/1626168.png
Theo Maledon,FALSE,1,https://ak-static.cms.nba.com/wp-content/uploads/headshots/nba/latest/260x190/1630177.png
Sandro Mamukelashvili,TRUE,0,https://ak-static.cms.nba.com/wp-content/uploads/headshots/nba/latest/260x190/1630572.png
Terance Mann,FALSE,2,https://ak-static.cms.nba.com/wp-content/uploads/headshots/nba/latest/260x190/1629611.png
Tre Mann,TRUE,0,https://ak-static.cms.nba.com/wp-content/uploads/headshots/nba/latest/260x190/1630544.png
Boban Marjanovic,FALSE,6,https://ak-static.cms.nba.com/wp-content/uploads/headshots/nba/latest/260x190/1626246.png
Lauri Markkanen,FALSE,4,https://ak-static.cms.nba.com/wp-content/uploads/headshots/nba/latest/260x190/1628374.png
Naji Marshall,FALSE,1,https://ak-static.cms.nba.com/wp-content/uploads/headshots/nba/latest/260x190/1630230.png
Caleb Martin,FALSE,2,https://ak-static.cms.nba.com/wp-content/uploads/headshots/nba/latest/260x190/1628997.png
Cody Martin,FALSE,2,https://ak-static.cms.nba.com/wp-content/uploads/headshots/nba/latest/260x190/1628998.png
KJ Martin,FALSE,1,https://ak-static.cms.nba.com/wp-content/uploads/headshots/nba/latest/260x190/1630231.png
Kelan Martin,FALSE,2,https://ak-static.cms.nba.com/wp-content/uploads/headshots/nba/latest/260x190/1629103.png
Wesley Matthews,FALSE,12,https://ak-static.cms.nba.com/wp-content/uploads/headshots/nba/latest/260x190/202083.png
Tyrese Maxey,FALSE,1,https://ak-static.cms.nba.com/wp-content/uploads/headshots/nba/latest/260x190/1630178.png
Skylar Mays,FALSE,1,https://ak-static.cms.nba.com/wp-content/uploads/headshots/nba/latest/260x190/1630219.png
Miles McBride,TRUE,0,https://ak-static.cms.nba.com/wp-content/uploads/headshots/nba/latest/260x190/1630540.png
Mac McClung,TRUE,0,https://ak-static.cms.nba.com/wp-content/uploads/headshots/nba/latest/260x190/1630644.png
CJ McCollum,FALSE,8,https://ak-static.cms.nba.com/wp-content/uploads/headshots/nba/latest/260x190/203468.png
T.J. McConnell,FALSE,6,https://ak-static.cms.nba.com/wp-content/uploads/headshots/nba/latest/260x190/204456.png
Jaden McDaniels,FALSE,1,https://ak-static.cms.nba.com/wp-content/uploads/headshots/nba/latest/260x190/1630183.png
Jalen McDaniels,FALSE,2,https://ak-static.cms.nba.com/wp-content/uploads/headshots/nba/latest/260x190/1629667.png
Doug McDermott,FALSE,7,https://ak-static.cms.nba.com/wp-content/uploads/headshots/nba/latest/260x190/203926.png
JaVale McGee,FALSE,13,https://ak-static.cms.nba.com/wp-content/uploads/headshots/nba/latest/260x190/201580.png
Rodney McGruder,FALSE,5,https://ak-static.cms.nba.com/wp-content/uploads/headshots/nba/latest/260x190/203585.png
JaQuori McLaughlin,TRUE,0,https://ak-static.cms.nba.com/wp-content/uploads/headshots/nba/latest/260x190/1630605.png
Jordan McLaughlin,FALSE,2,https://ak-static.cms.nba.com/wp-content/uploads/headshots/nba/latest/260x190/1629162.png
Ben McLemore,FALSE,8,https://ak-static.cms.nba.com/wp-content/uploads/headshots/nba/latest/260x190/203463.png
Nicolo Melli,FALSE,2,https://ak-static.cms.nba.com/wp-content/uploads/headshots/nba/latest/260x190/1629740.png
De'Anthony Melton,FALSE,3,https://ak-static.cms.nba.com/wp-content/uploads/headshots/nba/latest/260x190/1629001.png
Sam Merrill,FALSE,1,https://ak-static.cms.nba.com/wp-content/uploads/headshots/nba/latest/260x190/1630241.png
Chimezie Metu,FALSE,3,https://ak-static.cms.nba.com/wp-content/uploads/headshots/nba/latest/260x190/1629002.png
Khris Middleton,FALSE,9,https://ak-static.cms.nba.com/wp-content/uploads/headshots/nba/latest/260x190/203114.png
Isaiah Miller,TRUE,0,https://ak-static.cms.nba.com/wp-content/uploads/headshots/nba/latest/260x190/1630627.png
Patty Mills,FALSE,12,https://ak-static.cms.nba.com/wp-content/uploads/headshots/nba/latest/260x190/201988.png
Paul Millsap,FALSE,15,https://ak-static.cms.nba.com/wp-content/uploads/headshots/nba/latest/260x190/200794.png
Shake Milton,FALSE,3,https://ak-static.cms.nba.com/wp-content/uploads/headshots/nba/latest/260x190/1629003.png
Davion Mitchell,TRUE,0,https://ak-static.cms.nba.com/wp-content/uploads/headshots/nba/latest/260x190/1630558.png
Donovan Mitchell,FALSE,4,https://ak-static.cms.nba.com/wp-content/uploads/headshots/nba/latest/260x190/1628378.png
Evan Mobley,TRUE,0,https://ak-static.cms.nba.com/wp-content/uploads/headshots/nba/latest/260x190/1630596.png
Malik Monk,FALSE,4,https://ak-static.cms.nba.com/wp-content/uploads/headshots/nba/latest/260x190/1628370.png
Moses Moody,TRUE,0,https://ak-static.cms.nba.com/wp-content/uploads/headshots/nba/latest/260x190/1630541.png
E'Twaun Moore,FALSE,10,https://ak-static.cms.nba.com/wp-content/uploads/headshots/nba/latest/260x190/202734.png
Ja Morant,FALSE,2,https://ak-static.cms.nba.com/wp-content/uploads/headshots/nba/latest/260x190/1629630.png
Juwan Morgan,FALSE,2,https://ak-static.cms.nba.com/wp-content/uploads/headshots/nba/latest/260x190/1629752.png
Markieff Morris,FALSE,10,https://ak-static.cms.nba.com/wp-content/uploads/headshots/nba/latest/260x190/202693.png
Monte Morris,FALSE,4,https://ak-static.cms.nba.com/wp-content/uploads/headshots/nba/latest/260x190/1628420.png
Marcus Morris Sr.,FALSE,10,https://ak-static.cms.nba.com/wp-content/uploads/headshots/nba/latest/260x190/202694.png
Mychal Mulder,FALSE,2,https://ak-static.cms.nba.com/wp-content/uploads/headshots/nba/latest/260x190/1628539.png
Trey Murphy III,TRUE,0,https://ak-static.cms.nba.com/wp-content/uploads/headshots/nba/latest/260x190/1630530.png
Dejounte Murray,FALSE,5,https://ak-static.cms.nba.com/wp-content/uploads/headshots/nba/latest/260x190/1627749.png
Jamal Murray,FALSE,5,https://ak-static.cms.nba.com/wp-content/uploads/headshots/nba/latest/260x190/1627750.png
Mike Muscala,FALSE,8,https://ak-static.cms.nba.com/wp-content/uploads/headshots/nba/latest/260x190/203488.png
Svi Mykhailiuk,FALSE,3,https://ak-static.cms.nba.com/wp-content/uploads/headshots/nba/latest/260x190/1629004.png
Abdel Nader,FALSE,4,https://ak-static.cms.nba.com/wp-content/uploads/headshots/nba/latest/260x190/1627846.png
Larry Nance Jr.,FALSE,6,https://ak-static.cms.nba.com/wp-content/uploads/headshots/nba/latest/260x190/1626204.png
RJ Nembhard Jr.,TRUE,0,https://ak-static.cms.nba.com/wp-content/uploads/headshots/nba/latest/260x190/1630612.png
Aaron Nesmith,FALSE,1,https://ak-static.cms.nba.com/wp-content/uploads/headshots/nba/latest/260x190/1630174.png
Raul Neto,FALSE,6,https://ak-static.cms.nba.com/wp-content/uploads/headshots/nba/latest/260x190/203526.png
Georges Niang,FALSE,5,https://ak-static.cms.nba.com/wp-content/uploads/headshots/nba/latest/260x190/1627777.png
Daishen Nix,TRUE,0,https://ak-static.cms.nba.com/wp-content/uploads/headshots/nba/latest/260x190/1630227.png
Zeke Nnaji,FALSE,1,https://ak-static.cms.nba.com/wp-content/uploads/headshots/nba/latest/260x190/1630192.png
Nerlens Noel,FALSE,8,https://ak-static.cms.nba.com/wp-content/uploads/headshots/nba/latest/260x190/203457.png
Jaylen Nowell,FALSE,2,https://ak-static.cms.nba.com/wp-content/uploads/headshots/nba/latest/260x190/1629669.png
Frank Ntilikina,FALSE,4,https://ak-static.cms.nba.com/wp-content/uploads/headshots/nba/latest/260x190/1628373.png
Kendrick Nunn,FALSE,3,https://ak-static.cms.nba.com/wp-content/uploads/headshots/nba/latest/260x190/1629134.png
James Nunnally,FALSE,8,https://ak-static.cms.nba.com/wp-content/uploads/headshots/nba/latest/260x190/203263.png
Jusuf Nurkic,FALSE,7,https://ak-static.cms.nba.com/wp-content/uploads/headshots/nba/latest/260x190/203994.png
David Nwaba,FALSE,5,https://ak-static.cms.nba.com/wp-content/uploads/headshots/nba/latest/260x190/1628021.png
Jordan Nwora,FALSE,1,https://ak-static.cms.nba.com/wp-content/uploads/headshots/nba/latest/260x190/1629670.png
Royce O'Neale,FALSE,4,https://ak-static.cms.nba.com/wp-content/uploads/headshots/nba/latest/260x190/1626220.png
Semi Ojeleye,FALSE,4,https://ak-static.cms.nba.com/wp-content/uploads/headshots/nba/latest/260x190/1628400.png
Jahlil Okafor,FALSE,6,https://ak-static.cms.nba.com/wp-content/uploads/headshots/nba/latest/260x190/1626143.png
Chuma Okeke,FALSE,1,https://ak-static.cms.nba.com/wp-content/uploads/headshots/nba/latest/260x190/1629643.png
Josh Okogie,FALSE,3,https://ak-static.cms.nba.com/wp-content/uploads/headshots/nba/latest/260x190/1629006.png
Onyeka Okongwu,FALSE,1,https://ak-static.cms.nba.com/wp-content/uploads/headshots/nba/latest/260x190/1630168.png
Isaac Okoro,FALSE,1,https://ak-static.cms.nba.com/wp-content/uploads/headshots/nba/latest/260x190/1630171.png
KZ Okpala,FALSE,2,https://ak-static.cms.nba.com/wp-content/uploads/headshots/nba/latest/260x190/1629644.png
Victor Oladipo,FALSE,8,https://ak-static.cms.nba.com/wp-content/uploads/headshots/nba/latest/260x190/203506.png
Kelly Olynyk,FALSE,8,https://ak-static.cms.nba.com/wp-content/uploads/headshots/nba/latest/260x190/203482.png
Eugene Omoruyi,TRUE,0,https://ak-static.cms.nba.com/wp-content/uploads/headshots/nba/latest/260x190/1630647.png
Miye Oni,FALSE,2,https://ak-static.cms.nba.com/wp-content/uploads/headshots/nba/latest/260x190/1629671.png
Cedi Osman,FALSE,4,https://ak-static.cms.nba.com/wp-content/uploads/headshots/nba/latest/260x190/1626224.png
Daniel Oturu,FALSE,1,https://ak-static.cms.nba.com/wp-content/uploads/headshots/nba/latest/260x190/1630187.png
Kelly Oubre Jr.,FALSE,6,https://ak-static.cms.nba.com/wp-content/uploads/headshots/nba/latest/260x190/1626162.png
Kevin Pangos,TRUE,0,https://ak-static.cms.nba.com/wp-content/uploads/headshots/nba/latest/260x190/1630698.png
Jabari Parker,FALSE,7,https://ak-static.cms.nba.com/wp-content/uploads/headshots/nba/latest/260x190/203953.png
Eric Paschall,FALSE,2,https://ak-static.cms.nba.com/wp-content/uploads/headshots/nba/latest/260x190/1629672.png
Patrick Patterson,FALSE,11,https://ak-static.cms.nba.com/wp-content/uploads/headshots/nba/latest/260x190/202335.png
Chris Paul,FALSE,16,https://ak-static.cms.nba.com/wp-content/uploads/headshots/nba/latest/260x190/101108.png
Cameron Payne,FALSE,6,https://ak-static.cms.nba.com/wp-content/uploads/headshots/nba/latest/260x190/1626166.png
Elfrid Payton,FALSE,7,https://ak-static.cms.nba.com/wp-content/uploads/headshots/nba/latest/260x190/203901.png
Gary Payton II,FALSE,5,https://ak-static.cms.nba.com/wp-content/uploads/headshots/nba/latest/260x190/1627780.png
Reggie Perry,FALSE,1,https://ak-static.cms.nba.com/wp-content/uploads/headshots/nba/latest/260x190/1629617.png
Filip Petrusev,TRUE,0,https://ak-static.cms.nba.com/wp-content/uploads/headshots/nba/latest/260x190/1630196.png
Jamorko Pickett,TRUE,0,https://ak-static.cms.nba.com/wp-content/uploads/headshots/nba/latest/260x190/1630691.png
Theo Pinson,FALSE,3,https://ak-static.cms.nba.com/wp-content/uploads/headshots/nba/latest/260x190/1629033.png
Mason Plumlee,FALSE,8,https://ak-static.cms.nba.com/wp-content/uploads/headshots/nba/latest/260x190/203486.png
Jakob Poeltl,FALSE,5,https://ak-static.cms.nba.com/wp-content/uploads/headshots/nba/latest/260x190/1627751.png
Aleksej Pokusevski,FALSE,1,https://ak-static.cms.nba.com/wp-content/uploads/headshots/nba/latest/260x190/1630197.png
Yves Pons,TRUE,0,https://ak-static.cms.nba.com/wp-content/uploads/headshots/nba/latest/260x190/1630582.png
Jordan Poole,FALSE,2,https://ak-static.cms.nba.com/wp-content/uploads/headshots/nba/latest/260x190/1629673.png
Kevin Porter Jr.,FALSE,2,https://ak-static.cms.nba.com/wp-content/uploads/headshots/nba/latest/260x190/1629645.png
Michael Porter Jr.,FALSE,3,https://ak-static.cms.nba.com/wp-content/uploads/headshots/nba/latest/260x190/1629008.png
Otto Porter Jr.,FALSE,8,https://ak-static.cms.nba.com/wp-content/uploads/headshots/nba/latest/260x190/203490.png
Bobby Portis,FALSE,6,https://ak-static.cms.nba.com/wp-content/uploads/headshots/nba/latest/260x190/1626171.png
Kristaps Porzingis,FALSE,6,https://ak-static.cms.nba.com/wp-content/uploads/headshots/nba/latest/260x190/204001.png
Micah Potter,TRUE,0,https://ak-static.cms.nba.com/wp-content/uploads/headshots/nba/latest/260x190/1630695.png
Dwight Powell,FALSE,7,https://ak-static.cms.nba.com/wp-content/uploads/headshots/nba/latest/260x190/203939.png
Norman Powell,FALSE,6,https://ak-static.cms.nba.com/wp-content/uploads/headshots/nba/latest/260x190/1626181.png
Jason Preston,TRUE,0,https://ak-static.cms.nba.com/wp-content/uploads/headshots/nba/latest/260x190/1630554.png
Joshua Primo,TRUE,0,https://ak-static.cms.nba.com/wp-content/uploads/headshots/nba/latest/260x190/1630563.png
Taurean Prince,FALSE,5,https://ak-static.cms.nba.com/wp-content/uploads/headshots/nba/latest/260x190/1627752.png
Payton Pritchard,FALSE,1,https://ak-static.cms.nba.com/wp-content/uploads/headshots/nba/latest/260x190/1630202.png
Neemias Queta,TRUE,0,https://ak-static.cms.nba.com/wp-content/uploads/headshots/nba/latest/260x190/1629674.png
Immanuel Quickley,FALSE,1,https://ak-static.cms.nba.com/wp-content/uploads/headshots/nba/latest/260x190/1630193.png
Jahmi'us Ramsey,FALSE,1,https://ak-static.cms.nba.com/wp-content/uploads/headshots/nba/latest/260x190/1630186.png
Chasson Randle,FALSE,5,https://ak-static.cms.nba.com/wp-content/uploads/headshots/nba/latest/260x190/1626184.png
Julius Randle,FALSE,7,https://ak-static.cms.nba.com/wp-content/uploads/headshots/nba/latest/260x190/203944.png
Austin Reaves,TRUE,0,https://ak-static.cms.nba.com/wp-content/uploads/headshots/nba/latest/260x190/1630559.png
Cam Reddish,FALSE,2,https://ak-static.cms.nba.com/wp-content/uploads/headshots/nba/latest/260x190/1629629.png
JJ Redick,FALSE,15,https://ak-static.cms.nba.com/wp-content/uploads/headshots/nba/latest/260x190/200755.png
Paul Reed,FALSE,1,https://ak-static.cms.nba.com/wp-content/uploads/headshots/nba/latest/260x190/1630194.png
Naz Reid,FALSE,2,https://ak-static.cms.nba.com/wp-content/uploads/headshots/nba/latest/260x190/1629675.png
Nick Richards,FALSE,1,https://ak-static.cms.nba.com/wp-content/uploads/headshots/nba/latest/260x190/1630208.png
Josh Richardson,FALSE,6,https://ak-static.cms.nba.com/wp-content/uploads/headshots/nba/latest/260x190/1626196.png
Grant Riller,FALSE,1,https://ak-static.cms.nba.com/wp-content/uploads/headshots/nba/latest/260x190/1630203.png
Austin Rivers,FALSE,9,https://ak-static.cms.nba.com/wp-content/uploads/headshots/nba/latest/260x190/203085.png
Duncan Robinson,FALSE,3,https://ak-static.cms.nba.com/wp-content/uploads/headshots/nba/latest/260x190/1629130.png
Justin Robinson,FALSE,2,https://ak-static.cms.nba.com/wp-content/uploads/headshots/nba/latest/260x190/1629620.png
Mitchell Robinson,FALSE,3,https://ak-static.cms.nba.com/wp-content/uploads/headshots/nba/latest/260x190/1629011.png
Jeremiah Robinson-Earl,TRUE,0,https://ak-static.cms.nba.com/wp-content/uploads/headshots/nba/latest/260x190/1630526.png
Isaiah Roby,FALSE,2,https://ak-static.cms.nba.com/wp-content/uploads/headshots/nba/latest/260x190/1629676.png
Rajon Rondo,FALSE,15,https://ak-static.cms.nba.com/wp-content/uploads/headshots/nba/latest/260x190/200765.png
Derrick Rose,FALSE,13,https://ak-static.cms.nba.com/wp-content/uploads/headshots/nba/latest/260x190/201565.png
Terrence Ross,FALSE,9,https://ak-static.cms.nba.com/wp-content/uploads/headshots/nba/latest/260x190/203082.png
Terry Rozier,FALSE,6,https://ak-static.cms.nba.com/wp-content/uploads/headshots/nba/latest/260x190/1626179.png
Ricky Rubio,FALSE,10,https://ak-static.cms.nba.com/wp-content/uploads/headshots/nba/latest/260x190/201937.png
D'Angelo Russell,FALSE,6,https://ak-static.cms.nba.com/wp-content/uploads/headshots/nba/latest/260x190/1626156.png
Domantas Sabonis,FALSE,5,https://ak-static.cms.nba.com/wp-content/uploads/headshots/nba/latest/260x190/1627734.png
Luka Samanic,FALSE,2,https://ak-static.cms.nba.com/wp-content/uploads/headshots/nba/latest/260x190/1629677.png
JaKarr Sampson,FALSE,7,https://ak-static.cms.nba.com/wp-content/uploads/headshots/nba/latest/260x190/203960.png
Dario Saric,FALSE,5,https://ak-static.cms.nba.com/wp-content/uploads/headshots/nba/latest/260x190/203967.png
Tomas Satoransky,FALSE,5,https://ak-static.cms.nba.com/wp-content/uploads/headshots/nba/latest/260x190/203107.png
Jordan Schakel,TRUE,0,https://ak-static.cms.nba.com/wp-content/uploads/headshots/nba/latest/260x190/1630648.png
Admiral Schofield,FALSE,2,https://ak-static.cms.nba.com/wp-content/uploads/headshots/nba/latest/260x190/1629678.png
Dennis Schroder,FALSE,8,https://ak-static.cms.nba.com/wp-content/uploads/headshots/nba/latest/260x190/203471.png
Mike Scott,FALSE,9,https://ak-static.cms.nba.com/wp-content/uploads/headshots/nba/latest/260x190/203118.png
Jay Scrubb,FALSE,1,https://ak-static.cms.nba.com/wp-content/uploads/headshots/nba/latest/260x190/1630206.png
Alperen Sengun,TRUE,0,https://ak-static.cms.nba.com/wp-content/uploads/headshots/nba/latest/260x190/1630578.png
Collin Sexton,FALSE,3,https://ak-static.cms.nba.com/wp-content/uploads/headshots/nba/latest/260x190/1629012.png
Landry Shamet,FALSE,3,https://ak-static.cms.nba.com/wp-content/uploads/headshots/nba/latest/260x190/1629013.png
Day'Ron Sharpe,TRUE,0,https://ak-static.cms.nba.com/wp-content/uploads/headshots/nba/latest/260x190/1630549.png
Pascal Siakam,FALSE,5,https://ak-static.cms.nba.com/wp-content/uploads/headshots/nba/latest/260x190/1627783.png
Chris Silva,FALSE,2,https://ak-static.cms.nba.com/wp-content/uploads/headshots/nba/latest/260x190/1629735.png
Ben Simmons,FALSE,5,https://ak-static.cms.nba.com/wp-content/uploads/headshots/nba/latest/260x190/1627732.png
Aamir Simms,TRUE,0,https://ak-static.cms.nba.com/wp-content/uploads/headshots/nba/latest/260x190/1630603.png
Marko Simonovic,TRUE,0,https://ak-static.cms.nba.com/wp-content/uploads/headshots/nba/latest/260x190/1630250.png
Anfernee Simons,FALSE,3,https://ak-static.cms.nba.com/wp-content/uploads/headshots/nba/latest/260x190/1629014.png
Jericho Sims,TRUE,0,https://ak-static.cms.nba.com/wp-content/uploads/headshots/nba/latest/260x190/1630579.png
Javonte Smart,TRUE,0,https://ak-static.cms.nba.com/wp-content/uploads/headshots/nba/latest/260x190/1630606.png
Marcus Smart,FALSE,7,https://ak-static.cms.nba.com/wp-content/uploads/headshots/nba/latest/260x190/203935.png
Chris Smith,TRUE,0,https://ak-static.cms.nba.com/wp-content/uploads/headshots/nba/latest/260x190/1630607.png
Dru Smith,TRUE,0,https://ak-static.cms.nba.com/wp-content/uploads/headshots/nba/latest/260x190/1630696.png
Ish Smith,FALSE,11,https://ak-static.cms.nba.com/wp-content/uploads/headshots/nba/latest/260x190/202397.png
Jalen Smith,FALSE,1,https://ak-static.cms.nba.com/wp-content/uploads/headshots/nba/latest/260x190/1630188.png
Dennis Smith Jr.,FALSE,4,https://ak-static.cms.nba.com/wp-content/uploads/headshots/nba/latest/260x190/1628372.png
Xavier Sneed,TRUE,0,https://ak-static.cms.nba.com/wp-content/uploads/headshots/nba/latest/260x190/1630270.png
Tony Snell,FALSE,8,https://ak-static.cms.nba.com/wp-content/uploads/headshots/nba/latest/260x190/203503.png
Jaden Springer,TRUE,0,https://ak-static.cms.nba.com/wp-content/uploads/headshots/nba/latest/260x190/1630531.png
Cassius Stanley,FALSE,1,https://ak-static.cms.nba.com/wp-content/uploads/headshots/nba/latest/260x190/1630199.png
Lamar Stevens,FALSE,1,https://ak-static.cms.nba.com/wp-content/uploads/headshots/nba/latest/260x190/1630205.png
Isaiah Stewart,FALSE,1,https://ak-static.cms.nba.com/wp-content/uploads/headshots/nba/latest/260x190/1630191.png
D.J. Stewart Jr.,TRUE,0,https://ak-static.cms.nba.com/wp-content/uploads/headshots/nba/latest/260x190/1630597.png
Max Strus,FALSE,2,https://ak-static.cms.nba.com/wp-content/uploads/headshots/nba/latest/260x190/1629622.png
Jalen Suggs,TRUE,0,https://ak-static.cms.nba.com/wp-content/uploads/headshots/nba/latest/260x190/1630591.png
Edmond Sumner,FALSE,4,https://ak-static.cms.nba.com/wp-content/uploads/headshots/nba/latest/260x190/1628410.png
Keifer Sykes,TRUE,0,https://ak-static.cms.nba.com/wp-content/uploads/headshots/nba/latest/260x190/1626208.png
Anthony Tarke,TRUE,0,https://ak-static.cms.nba.com/wp-content/uploads/headshots/nba/latest/260x190/1630697.png
Jae'Sean Tate,FALSE,1,https://ak-static.cms.nba.com/wp-content/uploads/headshots/nba/latest/260x190/1630256.png
Jayson Tatum,FALSE,4,https://ak-static.cms.nba.com/wp-content/uploads/headshots/nba/latest/260x190/1628369.png
Terry Taylor,TRUE,0,https://ak-static.cms.nba.com/wp-content/uploads/headshots/nba/latest/260x190/1630678.png
Jeff Teague,FALSE,12,https://ak-static.cms.nba.com/wp-content/uploads/headshots/nba/latest/260x190/201952.png
MaCio Teague,TRUE,0,https://ak-static.cms.nba.com/wp-content/uploads/headshots/nba/latest/260x190/1630617.png
Garrett Temple,FALSE,12,https://ak-static.cms.nba.com/wp-content/uploads/headshots/nba/latest/260x190/202066.png
Emanuel Terry,FALSE,3,https://ak-static.cms.nba.com/wp-content/uploads/headshots/nba/latest/260x190/1629150.png
Tyrell Terry,FALSE,1,https://ak-static.cms.nba.com/wp-content/uploads/headshots/nba/latest/260x190/1630179.png
Jon Teske,TRUE,0,https://ak-static.cms.nba.com/wp-content/uploads/headshots/nba/latest/260x190/1630257.png
Daniel Theis,FALSE,4,https://ak-static.cms.nba.com/wp-content/uploads/headshots/nba/latest/260x190/1628464.png
Brodric Thomas,FALSE,1,https://ak-static.cms.nba.com/wp-content/uploads/headshots/nba/latest/260x190/1630271.png
Cam Thomas,TRUE,0,https://ak-static.cms.nba.com/wp-content/uploads/headshots/nba/latest/260x190/1630560.png
Khyri Thomas,FALSE,3,https://ak-static.cms.nba.com/wp-content/uploads/headshots/nba/latest/260x190/1629017.png
Matt Thomas,FALSE,2,https://ak-static.cms.nba.com/wp-content/uploads/headshots/nba/latest/260x190/1629744.png
Ethan Thompson,TRUE,0,https://ak-static.cms.nba.com/wp-content/uploads/headshots/nba/latest/260x190/1630679.png
Klay Thompson,FALSE,10,https://ak-static.cms.nba.com/wp-content/uploads/headshots/nba/latest/260x190/202691.png
Tristan Thompson,FALSE,10,https://ak-static.cms.nba.com/wp-content/uploads/headshots/nba/latest/260x190/202684.png
JT Thor,TRUE,0,https://ak-static.cms.nba.com/wp-content/uploads/headshots/nba/latest/260x190/1630550.png
Sindarius Thornwell,FALSE,4,https://ak-static.cms.nba.com/wp-content/uploads/headshots/nba/latest/260x190/1628414.png
Matisse Thybulle,FALSE,2,https://ak-static.cms.nba.com/wp-content/uploads/headshots/nba/latest/260x190/1629680.png
Killian Tillie,FALSE,1,https://ak-static.cms.nba.com/wp-content/uploads/headshots/nba/latest/260x190/1629681.png
Xavier Tillman Sr.,FALSE,1,https://ak-static.cms.nba.com/wp-content/uploads/headshots/nba/latest/260x190/1630214.png
Isaiah Todd,TRUE,0,https://ak-static.cms.nba.com/wp-content/uploads/headshots/nba/latest/260x190/1630225.png
Obi Toppin,FALSE,1,https://ak-static.cms.nba.com/wp-content/uploads/headshots/nba/latest/260x190/1630167.png
Juan Toscano-Anderson,FALSE,2,https://ak-static.cms.nba.com/wp-content/uploads/headshots/nba/latest/260x190/1629308.png
Axel Toupane,FALSE,6,https://ak-static.cms.nba.com/wp-content/uploads/headshots/nba/latest/260x190/1626253.png
Karl-Anthony Towns,FALSE,6,https://ak-static.cms.nba.com/wp-content/uploads/headshots/nba/latest/260x190/1626157.png
Gary Trent Jr.,FALSE,3,https://ak-static.cms.nba.com/wp-content/uploads/headshots/nba/latest/260x190/1629018.png
P.J. Tucker,FALSE,15,https://ak-static.cms.nba.com/wp-content/uploads/headshots/nba/latest/260x190/200782.png
Myles Turner,FALSE,6,https://ak-static.cms.nba.com/wp-content/uploads/headshots/nba/latest/260x190/1626167.png
Jonas Valanciunas,FALSE,9,https://ak-static.cms.nba.com/wp-content/uploads/headshots/nba/latest/260x190/202685.png
Denzel Valentine,FALSE,5,https://ak-static.cms.nba.com/wp-content/uploads/headshots/nba/latest/260x190/1627756.png
Fred VanVleet,FALSE,5,https://ak-static.cms.nba.com/wp-content/uploads/headshots/nba/latest/260x190/1627832.png
Jarred Vanderbilt,FALSE,3,https://ak-static.cms.nba.com/wp-content/uploads/headshots/nba/latest/260x190/1629020.png
Devin Vassell,FALSE,1,https://ak-static.cms.nba.com/wp-content/uploads/headshots/nba/latest/260x190/1630170.png
Luca Vildoza,FALSE,1,https://ak-static.cms.nba.com/wp-content/uploads/headshots/nba/latest/260x190/1630492.png
Gabe Vincent,FALSE,2,https://ak-static.cms.nba.com/wp-content/uploads/headshots/nba/latest/260x190/1629216.png
Nikola Vucevic,FALSE,10,https://ak-static.cms.nba.com/wp-content/uploads/headshots/nba/latest/260x190/202696.png
Dean Wade,FALSE,2,https://ak-static.cms.nba.com/wp-content/uploads/headshots/nba/latest/260x190/1629731.png
Franz Wagner,TRUE,0,https://ak-static.cms.nba.com/wp-content/uploads/headshots/nba/latest/260x190/1630532.png
Moritz Wagner,FALSE,3,https://ak-static.cms.nba.com/wp-content/uploads/headshots/nba/latest/260x190/1629021.png
Ish Wainright,TRUE,0,https://ak-static.cms.nba.com/wp-content/uploads/headshots/nba/latest/260x190/1630688.png
Kemba Walker,FALSE,10,https://ak-static.cms.nba.com/wp-content/uploads/headshots/nba/latest/260x190/202689.png
MJ Walker,TRUE,0,https://ak-static.cms.nba.com/wp-content/uploads/headshots/nba/latest/260x190/1630640.png
Lonnie Walker IV,FALSE,3,https://ak-static.cms.nba.com/wp-content/uploads/headshots/nba/latest/260x190/1629022.png
John Wall,FALSE,11,https://ak-static.cms.nba.com/wp-content/uploads/headshots/nba/latest/260x190/202322.png
T.J. Warren,FALSE,7,https://ak-static.cms.nba.com/wp-content/uploads/headshots/nba/latest/260x190/203933.png
P.J. Washington,FALSE,2,https://ak-static.cms.nba.com/wp-content/uploads/headshots/nba/latest/260x190/1629023.png
Duane Washington Jr.,TRUE,0,https://ak-static.cms.nba.com/wp-content/uploads/headshots/nba/latest/260x190/1630613.png
Yuta Watanabe,FALSE,3,https://ak-static.cms.nba.com/wp-content/uploads/headshots/nba/latest/260x190/1629139.png
Tremont Waters,FALSE,2,https://ak-static.cms.nba.com/wp-content/uploads/headshots/nba/latest/260x190/1629682.png
Trendon Watford,TRUE,0,https://ak-static.cms.nba.com/wp-content/uploads/headshots/nba/latest/260x190/1630570.png
Paul Watson,FALSE,2,https://ak-static.cms.nba.com/wp-content/uploads/headshots/nba/latest/260x190/1628778.png
Russell Westbrook,FALSE,13,https://ak-static.cms.nba.com/wp-content/uploads/headshots/nba/latest/260x190/201566.png
Coby White,FALSE,2,https://ak-static.cms.nba.com/wp-content/uploads/headshots/nba/latest/260x190/1629632.png
Derrick White,FALSE,4,https://ak-static.cms.nba.com/wp-content/uploads/headshots/nba/latest/260x190/1628401.png
Hassan Whiteside,FALSE,11,https://ak-static.cms.nba.com/wp-content/uploads/headshots/nba/latest/260x190/202355.png
Joe Wieskamp,TRUE,0,https://ak-static.cms.nba.com/wp-content/uploads/headshots/nba/latest/260x190/1630580.png
Aaron Wiggins,TRUE,0,https://ak-static.cms.nba.com/wp-content/uploads/headshots/nba/latest/260x190/1630598.png
Andrew Wiggins,FALSE,7,https://ak-static.cms.nba.com/wp-content/uploads/headshots/nba/latest/260x190/203952.png
Grant Williams,FALSE,2,https://ak-static.cms.nba.com/wp-content/uploads/headshots/nba/latest/260x190/1629684.png
Kenrich Williams,FALSE,3,https://ak-static.cms.nba.com/wp-content/uploads/headshots/nba/latest/260x190/1629026.png
Lou Williams,FALSE,16,https://ak-static.cms.nba.com/wp-content/uploads/headshots/nba/latest/260x190/101150.png
Patrick Williams,FALSE,1,https://ak-static.cms.nba.com/wp-content/uploads/headshots/nba/latest/260x190/1630172.png
Ziaire Williams,TRUE,0,https://ak-static.cms.nba.com/wp-content/uploads/headshots/nba/latest/260x190/1630533.png
Robert Williams III,FALSE,3,https://ak-static.cms.nba.com/wp-content/uploads/headshots/nba/latest/260x190/1629057.png
Zion Williamson,FALSE,2,https://ak-static.cms.nba.com/wp-content/uploads/headshots/nba/latest/260x190/1629627.png
D.J. Wilson,FALSE,4,https://ak-static.cms.nba.com/wp-content/uploads/headshots/nba/latest/260x190/1628391.png
Dylan Windler,FALSE,2,https://ak-static.cms.nba.com/wp-content/uploads/headshots/nba/latest/260x190/1629685.png
Justise Winslow,FALSE,6,https://ak-static.cms.nba.com/wp-content/uploads/headshots/nba/latest/260x190/1626159.png
Cassius Winston,FALSE,1,https://ak-static.cms.nba.com/wp-content/uploads/headshots/nba/latest/260x190/1630216.png
James Wiseman,FALSE,1,https://ak-static.cms.nba.com/wp-content/uploads/headshots/nba/latest/260x190/1630164.png
Christian Wood,FALSE,6,https://ak-static.cms.nba.com/wp-content/uploads/headshots/nba/latest/260x190/1626174.png
Robert Woodard II,FALSE,1,https://ak-static.cms.nba.com/wp-content/uploads/headshots/nba/latest/260x190/1630218.png
Delon Wright,FALSE,6,https://ak-static.cms.nba.com/wp-content/uploads/headshots/nba/latest/260x190/1626153.png
Moses Wright,TRUE,0,https://ak-static.cms.nba.com/wp-content/uploads/headshots/nba/latest/260x190/1630589.png
McKinley Wright IV,TRUE,0,https://ak-static.cms.nba.com/wp-content/uploads/headshots/nba/latest/260x190/1630593.png
Thaddeus Young,FALSE,14,https://ak-static.cms.nba.com/wp-content/uploads/headshots/nba/latest/260x190/201152.png
Trae Young,FALSE,3,https://ak-static.cms.nba.com/wp-content/uploads/headshots/nba/latest/260x190/1629027.png
Omer Yurtseven,FALSE,1,https://ak-static.cms.nba.com/wp-content/uploads/headshots/nba/latest/260x190/1630209.png
Cody Zeller,FALSE,8,https://ak-static.cms.nba.com/wp-content/uploads/headshots/nba/latest/260x190/203469.png
Ivica Zubac,FALSE,5,https://ak-static.cms.nba.com/wp-content/uploads/headshots/nba/latest/260x190/1627826.png